id;pvs_sbc_cont_no;pvs_mac_addr;pvs_net_typ;pvs_st_typ;pvs_cust_nm;pvs_person_typ;pvs_birth_day;pvs_gender_typ;pvs_zip_cd;pvs_office_code;pvs_hjdong_no;pvs_all_addr;pvs_phone_number;pvs_office_number;pvs_mobile_number;pvs_email;pvs_new_ymd;pvs_open_date;pvs_change_date;pvs_release_date;pvs_bill_acnt_no;pvs_vod_use_yn;pvs_test_sbc;pvs_sbc_typ;pvs_area_bcast_typ;vod_cp_cnt;pvs_typ
1;XSS Berkshire;JSON monitor;network state Gloves;transmitter transmitting;reboot maroon Wooden;Metal;transmitter;Arkansas generating;Tasty pink Gloves;Sausages;Profound Forward;Cotton Integrated;Mobility PCI;deposit indexing;Lebanese;architectures JSON Sausages;Vermont ADP;Tools;payment;Bedfordshire CFA Cheese;India web;Directives;Checking systemic;85366;web-enabled;65298;leading-edge methodologies
2;Rupee disintermediate protocol;Developer Cotton;deposit efficient Money;Connecticut bus;bluetooth pixel;quantify Public-key Ergonomic;Cambridgeshire;Belarus compress;Table coherent Hill;optical PNG;virtual THX Computers;Computer;Dollar;navigating Dollar;Tasty navigating Handcrafted;withdrawal Licensed;Gorgeous leverage;Rustic calculate Loan;synergies Borders morph;wireless;feed synthesizing Legacy;Sol;Licensed salmon;10919;Savings Frozen Handmade;53243;Pennsylvania
3;Central 1080p best-of-breed;mission-critical Identity;Oklahoma Account card;eyeballs invoice;programming online;Bedfordshire;hack;blue;Metal challenge;maroon Technician;infrastructures;relationships;target Account Investment;Bacon portal;Buckinghamshire;North;repurpose;Crescent Central;Forges Divide wireless;access Cove synthesize;Shoes teal HTTP;solid Licensed Toys;metrics copy Plastic;83962;protocol Principal indexing;54026;Program Practical
4;Credit Executive interactive;blue;Open-source Mouse Rustic;Ridge;Mobility;sensor Metrics;web-readiness recontextualize;vertical;Extensions Uganda generating;Manager connecting;implement;Saint mobile;Shoes;Adaptive green multi-state;dot-com;silver;Iowa Sleek;Analyst Liaison Synergized;Steel drive;EXE overriding;exploit indexing;wireless Toys iterate;Designer;70631;Club;10144;zero Books
5;Tasty Oregon quantify;Sausages Granite;Functionality;Bacon payment;withdrawal bus;Producer Buckinghamshire Small;Rubber global;expedite Automated;navigate Technician application;USB connecting Bypass;Shoes methodology Bacon;THX Avon Grass-roots;input;Quality-focused Loan Spur;Bedfordshire;Future Practical Beauty;Corporate;Computer synthesize;Frozen;Buckinghamshire;Persevering;Market optical;distributed Industrial Cordoba;50676;Chips Director;16197;Toys
6;TCP Jordan Rubber;Car;interactive Investor withdrawal;Customizable;didactic connect networks;Designer Card;mint;Sleek Place vortals;Liaison frictionless Lock;Won Direct feed;red;open-source District;Fresh;Russian Metrics;Loan Cotton;Frozen Escudo even-keeled;Tuna up Chair;Loan maximize;Awesome;Auto;Minnesota;Chicken;Investor;62294;holistic;30180;Account
7;USB;disintermediate Table;eyeballs granular Designer;alliance e-commerce Fantastic;Cedi Front-line mission-critical;Unbranded Tools;online;Leu;Towels;Franc Salad;Officer Bedfordshire;transmitter Courts unleash;Money;Metal Home Decentralized;PCI Towels e-markets;California Oklahoma;Carolina;withdrawal;Steel;Highway magenta Associate;aggregate Networked SMS;Steel Minnesota AI;Enterprise-wide;72835;Creative;84925;Central programming next-generation
8;Realigned olive;Savings synthesizing;salmon Industrial platforms;Shirt Fresh Bedfordshire;Strategist Checking pixel;Africa Persistent;Pizza Cross-platform;Ameliorated;Web XML;deposit;hacking withdrawal Paradigm;model;Haiti;blue logistical Facilitator;Account;functionalities;Belize;hub;Wooden Producer Advanced;feed;Engineer;responsive;bluetooth Berkshire;51424;Soft;79647;Dynamic black Quetzal
9;bottom-line;Nebraska Ergonomic Market;Handmade visionary;Marketing Louisiana;Chief;override Movies alarm;compressing;capability;Oregon;Frozen;Center Extensions;Reactive maroon;Executive Wooden;Ouguiya Supervisor;optical Savings;convergence Small Reactive;connecting;Savings Berkshire;National CSS EXE;lavender;indexing;Concrete;Handcrafted;84365;Devolved known impactful;31990;Clothing blockchains
10;New Cambridgeshire;Kroon Multi-tiered;Drive TCP;Pizza;Avon;Paradigm navigate;bandwidth;Ridges JBOD;Rubber;ADP;Lats Delaware;Optimization sensor open-source;Intelligent quantify;intermediate Row;Michigan deposit connecting;input Steel;Oman;Hampshire Shilling;programming;Computers;integrated;United Chair bypassing;Associate Home;84314;Senior;20742;Gloves IB
